effect,est,se,t
(Intercept),-0.0402829752178,0.0185367982633,-2.17313554615
saccLatCen,-0.000393091270562,7.04473539121e-05,-5.57992953224
