effect,est,se,t
(Intercept),-0.200906409431,0.0308744248742,-6.50721139744
saccLatCen,-9.39275213819e-05,8.83156073757e-05,-1.06354385338
