effect,est,se,t
(Intercept),-0.200600033838,0.0808306383091,-2.48173264538
saccLatCen2,-9.60718542365e-05,0.000108523153861,-0.885265962319
