effect,est,se,t
(Intercept),0.027971422637,0.0172162759898,1.62470807587
saccLat1,-0.000380140090589,8.14302047446e-05,-4.66829343952
