effect,est,se,t
(Intercept),-0.0402938936437,0.018490975117,-2.17911134426
saccLatCen1,-0.000397342601988,8.74105547231e-05,-4.54570507242
