effect,est,se,t
(Intercept),-0.140749509666,0.0497080827421,-2.83152159371
saccLat2,-0.000148173833922,8.77589692763e-05,-1.68841812004
