effect,est,se,t
(Intercept),0.0291938460801,0.0179844998989,1.62327816977
saccLat1,-0.000397342346143,8.74086433307e-05,-4.5458015478
