effect,est,ci95lo,ci95up,p
(Intercept),0.00953569860963,0.000930429998443,0.0283041583584,0.433131158316
handle_sideright,-0.01108368089,-0.0160202350489,-0.00610103200546,0.0126317635507
