effect,est,ci95lo,ci95up,p
1.0,-0.00551687412453,-0.0249145993039,0.0063833700126,0.668762508399
