effect,est,se,t
(Intercept),-0.166521517822,0.049227211756,-3.38271276967
saccLat2,-8.23778630125e-05,9.09444103544e-05,-0.905804575471
