effect,est,se,t
(Intercept),-0.0385120721032,0.019390553863,-1.98612542866
saccLatCen1,-0.000380140298245,8.14332307093e-05,-4.66812252116
