effect,est,se,t
(Intercept),-0.158271478209,0.059208596796,-2.67311651979
saccLat2,-0.000105360353585,0.000105260742389,-1.00094632808
