effect,est,se,t
(Intercept),-0.199932930624,0.0413014325707,-4.84082314291
saccLatCen,-6.55754634282e-05,8.55594922993e-05,-0.766431189175
