effect,est,se,t
(Intercept),-0.148098151974,0.0431672988702,-3.43079497329
saccLat2,-0.000130392149527,9.23487381443e-05,-1.41195377595
