effect,est,se,t
(Intercept),0.0206425025148,0.0175585730066,1.17563668227
saccLat1,-0.000339869095319,8.43104764329e-05,-4.03116089125
