effect,est,se,t
(Intercept),0.0293162229377,0.0171876918275,1.70565211617
saccLat1,-0.000387079897333,8.48680701382e-05,-4.56096028462
